genes_renamed,descriptions,gene_biotypes,n_species,species_sharing,chimp_n_pops,chimp_pop_sharing,Bonobo_Ppa,Central_Pt,Eastern_Pt,Western_Pt,1KGP_AFR_hsaHLA-DPB1,HLA class II histocompatibility antigen%2C DP beta 1 chain-like,protein_coding,3,all_three,3,all_chimp_pops,6.27,17.35836473,12.53644146,9.135152675,14.11234052DOCK1,dedicator of cytokinesis 1,protein_coding,3,all_three,3,all_chimp_pops,12.76,10.02285672,9.272093427,8.395839711,7.326624424PCDH15,protocadherin related 15,protein_coding,3,all_three,3,all_chimp_pops,10.03,11.32390145,8.524028142,6.747994532,6.618006362HLA-DPA1,major histocompatibility complex%2C class II%2C DP alpha 1;major histocompatibility complex%2C class II%2C DP beta 1,protein_coding,2,chimp_human,1,Central,NA,10.4259662,NA,NA,17.12730003TRIM5,tripartite motif containing 5,protein_coding,2,bonobo_human,0,NA,6.17,NA,NA,NA,9.984972875BTNL2,butyrophilin like 2,protein_coding,2,bonobo_human,0,NA,6.6,NA,NA,NA,8.767978302HBE1,hemoglobin subunit epsilon 1,protein_coding,2,chimp_human,2,Eastern+Western,NA,NA,9.845422421,9.558579522,8.391848747CCHCR1,coiled-coil alpha-helical rod protein 1,protein_coding,2,chimp_human,2,Central+Eastern,NA,10.072895,7.083532654,NA,8.082864621OR51I2,hemoglobin subunit epsilon 1;olfactory receptor family 51 subfamily I member 2,protein_coding,2,chimp_human,2,Eastern+Western,NA,NA,8.337248378,6.397938677,7.61404098EVC2,EvC ciliary complex subunit 2;uncharacterized LOC134809856,protein_coding,2,chimp_human,2,Central+Eastern,NA,10.30123047,7.950343823,NA,7.476685112CTNNA3,catenin alpha 3,protein_coding,2,chimp_human,2,Central+Eastern,NA,9.996717994,7.07928676,NA,7.428194589OR51M1,hemoglobin subunit epsilon 1;olfactory receptor family 51 subfamily M member 1,protein_coding,2,chimp_human,3,all_chimp_pops,NA,7.440373598,6.736896396,6.259487849,7.400218893OR51B6,hemoglobin subunit epsilon 1;olfactory receptor family 51 subfamily B member 6,protein_coding,2,chimp_human,1,Eastern,NA,NA,7.349713793,NA,7.390968525SNTG2,syntrophin gamma 2,protein_coding,2,chimp_human,3,all_chimp_pops,NA,7.608062588,10.14563708,7.553208821,7.286680507GRM7,glutamate metabotropic receptor 7,protein_coding,2,chimp_human,3,all_chimp_pops,NA,10.23055831,8.511839329,7.528195059,7.286289262LGALS8,galectin 8,protein_coding,2,chimp_human,1,Eastern,NA,NA,6.12496834,NA,7.267064541SYT9,synaptotagmin 9,protein_coding,2,chimp_human,1,Central,NA,6.041040453,NA,NA,7.23484073ADGRE1,adhesion G protein-coupled receptor E1,protein_coding,2,chimp_human,2,Central+Eastern,NA,8.158402447,6.935254582,NA,7.143454692CNTN5,contactin 5,protein_coding,2,chimp_human,3,all_chimp_pops,NA,8.043357364,6.573574189,6.282949283,6.790940711MUC22,mucin 22,protein_coding,2,chimp_human,1,Eastern,NA,NA,7.917701661,NA,6.730587036SGCG,sarcoglycan gamma,protein_coding,2,chimp_human,1,Central,NA,7.266595646,NA,NA,6.688747036DMBT1,deleted in malignant brain tumors 1,protein_coding,2,chimp_human,1,Eastern,NA,NA,8.732054746,NA,6.672583551ANO3,anoctamin 3,protein_coding,2,chimp_human,2,Eastern+Western,NA,NA,7.990393813,6.369355802,6.590571108ULK4,unc-51 like kinase 4,protein_coding,2,chimp_human,1,Central,NA,6.667080778,NA,NA,6.585489972TCERG1L,transcription elongation regulator 1 like,protein_coding,2,chimp_human,1,Eastern,NA,NA,6.526760594,NA,6.467899333UNC13C,unc-13 homolog C,protein_coding,2,chimp_human,3,all_chimp_pops,NA,9.569405539,6.900399487,6.008207182,6.467382171ENTREP2,endosomal transmembrane epsin interactor 2,protein_coding,2,chimp_human,2,Central+Eastern,NA,8.221810778,7.295450857,NA,6.432664997MMP26,matrix metallopeptidase 26,protein_coding,2,chimp_human,3,all_chimp_pops,NA,10.21180795,9.855968549,8.21930461,6.431881836SACS,sacsin molecular chaperone,protein_coding,2,chimp_human,1,Central,NA,7.611315918,NA,NA,6.388253483GPR158,G protein-coupled receptor 158,protein_coding,2,chimp_human,2,Central+Eastern,NA,8.767138138,6.415572966,NA,6.38753961IGFBP7,insulin like growth factor binding protein 7,protein_coding,2,chimp_human,2,Eastern+Western,NA,NA,7.535172976,6.114573826,6.380934377GRK3,G protein-coupled receptor kinase 3,protein_coding,2,bonobo_chimp,1,Central,8.03,10.1915439,NA,NA,NAADAMTS7,A disintegrin and metalloproteinase with thrombospondin motifs 7,protein_coding,2,bonobo_chimp,1,Central,8.16,9.642969424,NA,NA,NAPRH1,salivary acidic proline-rich phosphoprotein 1/2;taste receptor type 2 member 46,protein_coding,2,bonobo_chimp,1,Central,6.77,9.258000851,NA,NA,NACDIN1,CDAN1 interacting nuclease 1,protein_coding,2,bonobo_chimp,1,Central,6.4,8.476675003,NA,NA,NAFMN2,formin 2,protein_coding,2,bonobo_chimp,1,Central,8.77,8.149727364,NA,NA,NAITPR1,inositol 1%2C4%2C5-trisphosphate receptor type 1;uncharacterized LOC129143473,protein_coding,2,bonobo_chimp,1,Central,6.18,7.798306501,NA,NA,NASFMBT2,Scm like with four mbt domains 2,protein_coding,2,bonobo_chimp,1,Central,6.69,7.414938143,NA,NA,NATRAF3,TNF receptor associated factor 3,protein_coding,2,bonobo_chimp,1,Central,8.68,7.265647951,NA,NA,NAIQCG,IQ motif containing G,protein_coding,2,bonobo_chimp,1,Central,10.74,7.116111701,NA,NA,NAOSBPL5,oxysterol binding protein like 5,protein_coding,2,bonobo_chimp,1,Central,8.2,6.978321607,NA,NA,NAGRK1,G protein-coupled receptor kinase 1,protein_coding,2,bonobo_chimp,1,Central,10.5,6.82896177,NA,NA,NAMSR1,macrophage scavenger receptor 1,protein_coding,2,bonobo_chimp,1,Central,6.43,6.257137396,NA,NA,NAPRKN,parkin RBR E3 ubiquitin protein ligase,protein_coding,2,bonobo_chimp,2,Central+Eastern,6.4,11.0742214,8.536085752,NA,NAINPP4B,inositol polyphosphate-4-phosphatase type II B,protein_coding,2,bonobo_chimp,2,Central+Eastern,7.42,11.54133197,8.52142669,NA,NATBCD,tubulin folding cofactor D,protein_coding,2,bonobo_chimp,2,Central+Eastern,6.38,7.479513204,8.042170136,NA,NATADA1,transcriptional adaptor 1,protein_coding,2,bonobo_chimp,1,Eastern,6.04,NA,7.918163945,NA,NANLRP4,NLR family pyrin domain containing 4,protein_coding,2,bonobo_chimp,1,Eastern,6.71,NA,7.683196154,NA,NAMCF2L,MCF.2 cell line derived transforming sequence like,protein_coding,2,bonobo_chimp,2,Central+Eastern,6.49,6.06685956,7.659535076,NA,NARPA1,replication protein A1,protein_coding,2,bonobo_chimp,2,Central+Eastern,15.34,6.622457,7.459709476,NA,NALRRTM4,leucine rich repeat transmembrane neuronal 4,protein_coding,2,bonobo_chimp,1,Eastern,8.56,NA,7.406653296,NA,NAPACRG,parkin coregulated,protein_coding,2,bonobo_chimp,2,Central+Eastern,6.27,7.693244101,7.380452836,NA,NAPLCB1,phospholipase C beta 1,protein_coding,2,bonobo_chimp,2,Central+Eastern,6.58,9.015176348,7.375073293,NA,NAMAD1L1,mitotic arrest deficient 1 like 1,protein_coding,2,bonobo_chimp,2,Central+Eastern,6.37,6.560340743,7.348764621,NA,NAPARP4,protein mono-ADP-ribosyltransferase PARP4-like,protein_coding,2,bonobo_chimp,2,Central+Eastern,7.34,9.238068153,7.316493062,NA,NACCDC77,coiled-coil domain containing 77,protein_coding,2,bonobo_chimp,2,Central+Eastern,10.97,7.095163422,7.300715289,NA,NANINJ2,ninjurin 2,protein_coding,2,bonobo_chimp,2,Central+Eastern,7.38,9.685426718,7.2298407,NA,NAMYZAP,myocardial zonula adherens protein,protein_coding,2,bonobo_chimp,2,Central+Eastern,6.09,8.253775968,7.173406779,NA,NAWASHC2A,WASH complex subunit 2A-like,protein_coding,2,bonobo_chimp,1,Eastern,9.05,NA,7.115058315,NA,NATENM3,teneurin transmembrane protein 3,protein_coding,2,bonobo_chimp,2,Central+Eastern,7.26,9.141955996,7.050154094,NA,NAADGRD1,adhesion G protein-coupled receptor D1,protein_coding,2,bonobo_chimp,1,Eastern,7.4,NA,6.951247541,NA,NAMUC5B,mucin 5B%2C oligomeric mucus/gel-forming,protein_coding,2,bonobo_chimp,1,Eastern,8.63,NA,6.871883935,NA,NAZNF407,zinc finger protein 407,protein_coding,2,bonobo_chimp,1,Eastern,9.33,NA,6.856335495,NA,NADEAF1,DEAF1 transcription factor,protein_coding,2,bonobo_chimp,1,Eastern,7.65,NA,6.846877541,NA,NALYRM4,LYR motif containing 4,protein_coding,2,bonobo_chimp,1,Eastern,7.44,NA,6.770639204,NA,NAVPS53,VPS53 subunit of GARP complex,protein_coding,2,bonobo_chimp,2,Central+Eastern,7.42,6.415479948,6.759097974,NA,NADCLRE1C,DNA cross-link repair 1C,protein_coding,2,bonobo_chimp,2,Central+Eastern,6.42,7.401264577,6.696452336,NA,NADOK6,docking protein 6,protein_coding,2,bonobo_chimp,1,Eastern,6.58,NA,6.677626328,NA,NAB4GALNT3,beta-1%2C4-N-acetyl-galactosaminyltransferase 3,protein_coding,2,bonobo_chimp,1,Eastern,8.48,NA,6.56744088,NA,NANCAM2,neural cell adhesion molecule 2,protein_coding,2,bonobo_chimp,2,Central+Eastern,6.83,8.680375945,6.471447851,NA,NAPDE10A,phosphodiesterase 10A,protein_coding,2,bonobo_chimp,2,Central+Eastern,8.29,8.160311395,6.39661309,NA,NACSGALNACT1,chondroitin sulfate N-acetylgalactosaminyltransferase 1,protein_coding,2,bonobo_chimp,1,Eastern,6.29,NA,6.334045455,NA,NATMX3,thioredoxin related transmembrane protein 3,protein_coding,2,bonobo_chimp,1,Eastern,8.39,NA,6.296617934,NA,NATPD52L2,TPD52 like 2,protein_coding,2,bonobo_chimp,1,Eastern,8.21,NA,6.184960909,NA,NAANXA10,annexin A10,protein_coding,2,bonobo_chimp,2,Central+Eastern,6.27,8.218408409,6.151751712,NA,NAWDR27,WD repeat domain 27,protein_coding,2,bonobo_chimp,1,Eastern,7.31,NA,6.068097384,NA,NABRF1,BRF1 RNA polymerase III transcription initiation factor subunit,protein_coding,2,bonobo_chimp,2,Eastern+Western,9.32,NA,16.22426184,14.24882336,NAHLA-C,major histocompatibility complex%2C class I%2C C,protein_coding,2,bonobo_chimp,3,all_chimp_pops,9.12,20.06876256,13.97974674,11.75983593,NAHLA-A,patr class I histocompatibility antigen%2C A-126 alpha chain,protein_coding,2,bonobo_chimp,3,all_chimp_pops,8.41,15.39985908,14.93240902,10.93109785,NAADARB2,adenosine deaminase RNA specific B2 (inactive),protein_coding,2,bonobo_chimp,3,all_chimp_pops,19.32,6.897279372,12.00956179,10.29291979,NAKAZN,kazrin%2C periplakin interacting protein,protein_coding,2,bonobo_chimp,3,all_chimp_pops,7.71,14.87367078,10.19628351,9.472940496,NADOCK8,dedicator of cytokinesis 8,protein_coding,2,bonobo_chimp,3,all_chimp_pops,6.75,12.19952191,12.17747455,9.368138378,NASNTG1,syntrophin gamma 1,protein_coding,2,bonobo_chimp,3,all_chimp_pops,7.56,7.88147461,10.83545987,9.175585575,NAHLA-B,major histocompatibility complex%2C class I%2C B,protein_coding,2,bonobo_chimp,3,all_chimp_pops,7.42,8.444271898,10.50844786,8.94280176,NATMEM132D,transmembrane protein 132D,protein_coding,2,bonobo_chimp,3,all_chimp_pops,7.35,9.730718446,9.126447497,8.91073588,NASGCZ,sarcoglycan zeta,protein_coding,2,bonobo_chimp,3,all_chimp_pops,6.17,16.26271097,10.8649854,8.852806957,NALILRB3,leukocyte immunoglobulin like receptor B3,protein_coding,2,bonobo_chimp,3,all_chimp_pops,7,16.76486981,12.99903679,8.852540082,NALILRB1,leukocyte immunoglobulin like receptor B1,protein_coding,2,bonobo_chimp,2,Eastern+Western,8,NA,10.44177012,8.838027261,NACSMD1,CUB and Sushi multiple domains 1,protein_coding,2,bonobo_chimp,3,all_chimp_pops,11.59,9.944417001,12.07830767,8.797444011,NAPTPRN2,protein tyrosine phosphatase receptor type N2,protein_coding,2,bonobo_chimp,3,all_chimp_pops,7.8,9.586778235,10.06018208,8.672024509,NAZNF578,zinc finger protein 578,protein_coding,2,bonobo_chimp,2,Eastern+Western,6.53,NA,9.77255644,8.600245097,NATBC1D22A,TBC1 domain family member 22A,protein_coding,2,bonobo_chimp,3,all_chimp_pops,9.79,8.858058691,11.03996547,8.526972512,NAPTPRD,protein tyrosine phosphatase receptor type D,protein_coding,2,bonobo_chimp,3,all_chimp_pops,6.53,11.55140287,9.896500038,8.523727536,NADPP6,dipeptidyl peptidase like 6,protein_coding,2,bonobo_chimp,3,all_chimp_pops,6.94,10.16103493,8.571116039,8.423891228,NADLGAP2,DLG associated protein 2,protein_coding,2,bonobo_chimp,3,all_chimp_pops,10.65,10.36415715,12.87276612,8.402475801,NANXN,nucleoredoxin,protein_coding,2,bonobo_chimp,2,Eastern+Western,7.45,NA,8.624288361,8.047963222,NAACTR3B,actin related protein 3B,protein_coding,2,bonobo_chimp,3,all_chimp_pops,8.64,9.95033641,10.21446616,8.026132224,NAATP13A3,ATPase 13A3,protein_coding,2,bonobo_chimp,3,all_chimp_pops,7.53,6.817822365,9.346232175,8.008045063,NASSU72L2,RNA polymerase II subunit A C-terminal domain phosphatase SSU72 like protein 2-like,protein_coding,2,bonobo_chimp,1,Western,11.7,NA,NA,7.753790918,NASDHA,succinate dehydrogenase [ubiquinone] flavoprotein subunit%2C mitochondrial,protein_coding,2,bonobo_chimp,2,Eastern+Western,10.25,NA,6.622683865,7.621584691,NASMYD3,SET and MYND domain containing 3,protein_coding,2,bonobo_chimp,3,all_chimp_pops,10.08,10.67255116,8.751818097,7.619036687,NAOPCML,opioid binding protein/cell adhesion molecule like,protein_coding,2,bonobo_chimp,3,all_chimp_pops,8.01,8.631803753,9.070576385,7.602478295,NACSNK1G2,casein kinase 1 gamma 2,protein_coding,2,bonobo_chimp,1,Western,7.17,NA,NA,7.600619038,NADPEP1,dipeptidase 1,protein_coding,2,bonobo_chimp,2,Central+Western,6.27,11.41339876,NA,7.403037572,NAZSCAN5A,zinc finger and SCAN domain containing 5A,protein_coding,2,bonobo_chimp,3,all_chimp_pops,6.77,6.476725331,8.101159885,7.388053194,NAEYS,protein eyes shut homolog,protein_coding,2,bonobo_chimp,3,all_chimp_pops,6.16,13.56404232,10.14098062,7.233948076,NATAFA5,TAFA chemokine like family member 5,protein_coding,2,bonobo_chimp,2,Eastern+Western,6.5,NA,7.83958729,7.196444191,NAFAM90A27P,protein FAM90A27P-like,protein_coding,2,bonobo_chimp,2,Eastern+Western,6.02,NA,8.429409128,7.181044948,NAPKD1L2,polycystin-1-like protein 2,protein_coding,2,bonobo_chimp,2,Eastern+Western,6.73,NA,8.360439222,6.966210994,NALUZP2,leucine zipper protein 2,protein_coding,2,bonobo_chimp,3,all_chimp_pops,7.31,6.625055423,8.759148888,6.91948599,NAMYOM2,myomesin 2,protein_coding,2,bonobo_chimp,3,all_chimp_pops,7.27,7.677946349,8.10613319,6.870338524,NASDK1,sidekick cell adhesion molecule 1,protein_coding,2,bonobo_chimp,3,all_chimp_pops,7.18,9.23544762,8.799835652,6.86590408,NAAGBL1,AGBL carboxypeptidase 1,protein_coding,2,bonobo_chimp,2,Eastern+Western,6.7,NA,9.066859299,6.86091346,NAABR,ABR activator of RhoGEF and GTPase,protein_coding,2,bonobo_chimp,3,all_chimp_pops,6.52,10.83922406,10.02198266,6.856836995,NAERC1,ELKS/RAB6-interacting/CAST family member 1,protein_coding,2,bonobo_chimp,3,all_chimp_pops,6.01,12.21567735,6.538117508,6.77149911,NAXKR4,XK related 4,protein_coding,2,bonobo_chimp,3,all_chimp_pops,6.76,11.42621151,8.126691548,6.694742505,NALILRA2,leukocyte immunoglobulin-like receptor%2C subfamily A (with TM domain)%2C member 2,protein_coding,2,bonobo_chimp,3,all_chimp_pops,7.22,13.4667052,10.57326783,6.562369428,NAADAMTS2,ADAM metallopeptidase with thrombospondin type 1 motif 2,protein_coding,2,bonobo_chimp,3,all_chimp_pops,7.64,10.26470177,8.621155971,6.538896542,NACADPS,calcium dependent secretion activator,protein_coding,2,bonobo_chimp,2,Eastern+Western,6.35,NA,7.480258192,6.523988008,NADIP2C,disco interacting protein 2 homolog C,protein_coding,2,bonobo_chimp,3,all_chimp_pops,6.59,10.57251199,8.680839239,6.462116749,NAADAMTS17,ADAM metallopeptidase with thrombospondin type 1 motif 17,protein_coding,2,bonobo_chimp,3,all_chimp_pops,6.27,9.589695481,9.247478695,6.394311205,NACNTN4,contactin 4,protein_coding,2,bonobo_chimp,3,all_chimp_pops,7.16,7.922403895,8.697562196,6.358378832,NASPHKAP,SPHK1 interactor%2C AKAP domain containing,protein_coding,2,bonobo_chimp,3,all_chimp_pops,6.16,10.06896265,8.119891606,6.348638584,NAADPRHL1,ADP-ribosylhydrolase like 1,protein_coding,2,bonobo_chimp,3,all_chimp_pops,8.87,6.052405283,6.126169804,6.339906915,NAFDFT1,farnesyl-diphosphate farnesyltransferase 1,protein_coding,2,bonobo_chimp,2,Central+Western,6.66,7.090267985,NA,6.325701965,NACFAP54,cilia and flagella associated protein 54,protein_coding,2,bonobo_chimp,1,Western,6.82,NA,NA,6.286298445,NANLRP12,NLR family pyrin domain containing 12,protein_coding,2,bonobo_chimp,2,Eastern+Western,8.52,NA,7.728716973,6.223481021,NAFAM110A,family with sequence similarity 110 member A,protein_coding,2,bonobo_chimp,2,Eastern+Western,6.18,NA,6.234968649,6.183981858,NADNAH17,dynein axonemal heavy chain 17,protein_coding,2,bonobo_chimp,3,all_chimp_pops,6.26,7.267462176,6.946257585,6.168997611,NANLRP11,NLR family pyrin domain containing 11,protein_coding,2,bonobo_chimp,3,all_chimp_pops,6.89,9.464872748,6.827820827,6.118283166,NASKI,SKI proto-oncogene,protein_coding,2,bonobo_chimp,2,Eastern+Western,6.34,NA,7.153165678,6.031326087,NAVAV1,vav guanine nucleotide exchange factor 1,protein_coding,2,bonobo_chimp,2,Central+Western,6.21,6.52737123,NA,6.02518452,NARSPH10B,radial spoke head 10 homolog B,protein_coding,2,bonobo_chimp,3,all_chimp_pops,6.36,11.47969788,9.831531284,6.00556609,NA